{"partial_train_loss_tot": 3.26629638671875, "trainer/global_step": 2, "_runtime": 25, "_timestamp": 1687527894, "_step": 3, "partial_train__mean iou": 0.035622895918542, "_wandb": {"runtime": 78}}