{"partial_train_loss_tot": 2.870588779449463, "trainer/global_step": 1, "_runtime": 14, "_timestamp": 1681463445, "_step": 1, "partial_train__mean iou": 0.0335775970454845, "_wandb": {"runtime": 64}}