{"partial_train_loss_tot": 2.361804246902466, "trainer/global_step": 2, "_runtime": 16, "_timestamp": 1687534445, "_step": 3, "partial_train__mean iou": 0.09265051180154922, "_wandb": {"runtime": 22}}