{"partial_train_loss_tot": 2.6347227096557617, "trainer/global_step": 2, "_runtime": 19, "_timestamp": 1680590825, "_step": 3, "partial_train__mean iou": 0.04766519339720355}