{"partial_train_loss_tot": 2.585239887237549, "trainer/global_step": 1, "_runtime": 16, "_timestamp": 1686748192, "_step": 3, "partial_train_HHA_mean iou": 0.04752546173896265, "partial_train_RGB_mean iou": 0.0591239893492154, "_wandb": {"runtime": 113}}