{"partial_train_loss_tot": 2.8705756664276123, "trainer/global_step": 1, "_runtime": 15, "_timestamp": 1681466290, "_step": 1, "partial_train__mean iou": 0.033577676881148516, "_wandb": {"runtime": 107}}