{"partial_train_loss_tot": 2.082298517227173, "trainer/global_step": 2, "_runtime": 34, "_timestamp": 1687466322, "_step": 3, "partial_train__mean iou": 0.07568818639877684, "_wandb": {"runtime": 343}}