{"partial_train_loss_tot": 3.263221025466919, "trainer/global_step": 2, "_runtime": 27, "_timestamp": 1690206542, "_step": 3, "partial_train__mean iou": 0.028678638202569932, "_wandb": {"runtime": 437}}