{"partial_train_loss_tot": 2.8705735206604004, "trainer/global_step": 1, "_runtime": 15, "_timestamp": 1681649880, "_step": 1, "partial_train__mean iou": 0.03357768939332372, "_wandb": {"runtime": 541}}