{"partial_train_loss_tot": 3.3174335956573486, "trainer/global_step": 2, "_runtime": 30, "_timestamp": 1688395626, "_step": 3, "partial_train__mean iou": 0.03074148950301577, "_wandb": {"runtime": 301}}