{"partial_train_loss_tot": 1.9831938743591309, "trainer/global_step": 2, "_runtime": 17, "_timestamp": 1687536501, "_step": 3, "partial_train__mean iou": 0.08575206378750597, "_wandb": {"runtime": 217}}