{"partial_train_loss_tot": 2.8706493377685547, "trainer/global_step": 1, "_runtime": 17, "_timestamp": 1683898733, "_step": 1, "partial_train__mean iou": 0.03357859449866661}