{"partial_train_loss_tot": 2.3434231281280518, "trainer/global_step": 2, "_runtime": 19, "_timestamp": 1682489978, "_step": 3, "partial_train__mean iou": 0.06035389538826757}