{"partial_train_loss_tot": 2.8399271965026855, "trainer/global_step": 1, "_runtime": 14, "_timestamp": 1686066556, "_step": 1, "partial_train__mean iou": 0.04586211414011924, "_wandb": {"runtime": 500}}