{"partial_train_loss_tot": 2.6347508430480957, "trainer/global_step": 2, "_runtime": 19, "_timestamp": 1680621531, "_step": 3, "partial_train__mean iou": 0.04766496423489223}