{"partial_train_loss_tot": 2.8354477882385254, "trainer/global_step": 1, "_runtime": 23, "_timestamp": 1670936635, "_step": 1, "partial_train__mean iou": 0.04765712730987051}