{"partial_train_loss_tot": 1.8334856033325195, "trainer/global_step": 2, "_runtime": 184, "_timestamp": 1685200515, "_step": 9, "partial_train__mean iou": NaN, "test_test_user HHA_loss": 2.9562976360321045, "test_test_user HHA_mean iou": 0.03556052190152201, "_wandb": {"runtime": 184}}