{"partial_train_loss_tot": 2.3481192588806152, "trainer/global_step": 2, "_runtime": 18, "_timestamp": 1687534769, "_step": 3, "partial_train__mean iou": 0.09318505338006412}