{"partial_train_loss_tot": 2.3464882373809814, "trainer/global_step": 2, "_runtime": 170, "_timestamp": 1682078168, "_step": 10, "partial_train__mean iou": 0.05808713709951652, "test_test_user HHA_loss": 2.9182422161102295, "test_test_user HHA_mean iou": 0.024928058773154616, "test_test_user HHA_scores": {"_type": "table-file", "path": "media/table/test_test_user HHA_scores_9_4db59c3a76ec46879931.table.json", "sha256": "4db59c3a76ec46879931d69e8eb370f67348174bc8a5be352b4d49e70d93ddf5", "size": 687, "artifact_path": "wandb-client-artifact://dr36bee29h3u7ufnnbblx6dog8inin17vdcs7ghp4qtml4tvyjdxp70on3a62d749354zglavf47dkvo6x7c66n6n2rk438cl2qd2q76a1gqe7j4zyt0na1ogzznvhlf:latest/test_test_user HHA_scores.table.json", "_latest_artifact_path": "wandb-client-artifact://dr36bee29h3u7ufnnbblx6dog8inin17vdcs7ghp4qtml4tvyjdxp70on3a62d749354zglavf47dkvo6x7c66n6n2rk438cl2qd2q76a1gqe7j4zyt0na1ogzznvhlf:latest/test_test_user HHA_scores.table.json", "ncols": 4, "nrows": 19}}