{"partial_train_loss_tot": 2.2027039527893066, "trainer/global_step": 2, "_runtime": 243, "_timestamp": 1682063555, "_step": 5, "partial_train__mean iou": 0.08611269825277237, "test_test_user RGB_loss": 2.928339958190918, "test_test_user RGB_mean iou": 0.047817950009961877, "_wandb": {"runtime": 1708}}