{"partial_train_loss_tot": 2.1231703758239746, "trainer/global_step": 2, "_runtime": 58, "_timestamp": 1679502837, "_step": 3, "partial_train__mean iou": 0.058785488769851485}