{"partial_train_loss_tot": 2.324021816253662, "trainer/global_step": 2, "_runtime": 20, "_timestamp": 1679388617, "_step": 3, "partial_train__mean iou": 0.07168492043760807}