{"partial_train_loss_tot": 2.774763584136963, "trainer/global_step": 1, "_runtime": 16, "_timestamp": 1680621859, "_step": 1, "partial_train__mean iou": 0.025423453601140907}