{"partial_train_loss_tot": 2.870652675628662, "trainer/global_step": 1, "_runtime": 16, "_timestamp": 1681650560, "_step": 1, "partial_train__mean iou": 0.033578564879694295, "_wandb": {"runtime": 641}}