{"partial_train_loss_tot": 2.8400940895080566, "trainer/global_step": 1, "_runtime": 14, "_timestamp": 1686061030, "_step": 1, "partial_train__mean iou": 0.045604777208081655, "_wandb": {"runtime": 14}}