{"partial_train_loss_tot": 2.8401899337768555, "trainer/global_step": 1, "_runtime": 13, "_timestamp": 1686061487, "_step": 1, "partial_train__mean iou": 0.04578168343430133, "_wandb": {"runtime": 14}}