{"partial_train_loss_tot": 2.7701985836029053, "trainer/global_step": 2, "_runtime": 17, "_timestamp": 1679347637, "_step": 3, "partial_train__mean iou": 0.0473016436538978, "_wandb": {"runtime": 21}}