{"partial_train_loss_tot": 2.127478837966919, "trainer/global_step": 6, "_runtime": 36, "_timestamp": 1686154819, "_step": 11, "partial_train__mean iou": 0.07770852176377721}