{"partial_train_loss_tot": 2.870485305786133, "trainer/global_step": 1, "_runtime": 15, "_timestamp": 1681463524, "_step": 1, "partial_train__mean iou": 0.033577142216886326}