{"partial_train_loss_tot": 1.613029956817627, "trainer/global_step": 10, "_runtime": 397, "_timestamp": 1673358307, "_step": 26, "partial_train__mean iou": 0.10881865868478192, "test_test_user_loss": 2.66562557220459, "test_test_user_mean iou": 0.08342132264458968, "test_test_user_scores": {"_type": "table-file", "path": "media/table/test_test_user_scores_25_55aa092ef0075254e088.table.json", "sha256": "55aa092ef0075254e088392b147e4c06a53f1179153781ae767bfa28c67064bf", "size": 829, "artifact_path": "wandb-client-artifact://125tbls89n32a724votb97s32p4u0dsflq85bd8gma8wz5rs3kjwsy95xk8pnw8g42x0o7n0oc5xpe1ivtb0shrlm7yqxbhqrepwwes6paphhcx9w30syk0ptb3hnmfb:latest/test_test_user_scores.table.json", "_latest_artifact_path": "wandb-client-artifact://125tbls89n32a724votb97s32p4u0dsflq85bd8gma8wz5rs3kjwsy95xk8pnw8g42x0o7n0oc5xpe1ivtb0shrlm7yqxbhqrepwwes6paphhcx9w30syk0ptb3hnmfb:latest/test_test_user_scores.table.json", "ncols": 4, "nrows": 19}, "_wandb": {"runtime": 397}}