{"partial_train_loss_tot": 2.060000419616699, "trainer/global_step": 2, "_runtime": 19, "_timestamp": 1687535012, "_step": 3, "partial_train__mean iou": 0.08234522060148193, "_wandb": {"runtime": 21}}