{"partial_train_loss_tot": 2.8705947399139404, "trainer/global_step": 1, "_runtime": 15, "_timestamp": 1681460645, "_step": 1, "partial_train__mean iou": 0.033577560711055235, "_wandb": {"runtime": 592}}