{"partial_train_loss_tot": 2.7840170860290527, "trainer/global_step": 1, "_runtime": 55, "_timestamp": 1690391182, "_step": 1, "partial_train__mean iou": 0.056308295029831444, "_wandb": {"runtime": 116}}