{"partial_train_loss_tot": 2.7667787075042725, "trainer/global_step": 1, "_runtime": 14, "_timestamp": 1687850388, "_step": 3, "partial_train_HHA_mean iou": 0.06007167237060613, "partial_train_RGB_mean iou": 0.06538187417631215, "_wandb": {"runtime": 18}}