{"partial_train_loss_tot": 2.8403570652008057, "trainer/global_step": 1, "_runtime": 13, "_timestamp": 1686062081, "_step": 1, "partial_train__mean iou": 0.04561881947231273, "_wandb": {"runtime": 640}}