{"partial_train_loss_tot": 2.710404634475708, "trainer/global_step": 1, "_runtime": 13, "_timestamp": 1686041248, "_step": 3, "partial_train_HHA_mean iou": 0.04332635935944431, "partial_train_RGB_mean iou": 0.05163487504833607, "_wandb": {"runtime": 109}}