{"partial_train_loss_tot": 2.158261775970459, "trainer/global_step": 2, "_runtime": 18, "_timestamp": 1679389201, "_step": 3, "partial_train__mean iou": 0.05617801001334787}