{"partial_train_loss_tot": 2.870666027069092, "trainer/global_step": 1, "_runtime": 17, "_timestamp": 1681498415, "_step": 1, "partial_train__mean iou": 0.03357818734448976, "_wandb": {"runtime": 75}}