{"partial_train_loss_tot": 2.326017379760742, "trainer/global_step": 2, "_runtime": 21, "_timestamp": 1678440001, "_step": 3, "partial_train__mean iou": 0.07232298807156318, "_wandb": {"runtime": 32}}