{"partial_train_loss_tot": 3.546285629272461, "trainer/global_step": 2, "_runtime": 29, "_timestamp": 1688454515, "_step": 3, "partial_train__mean iou": 0.03554960836523549, "_wandb": {"runtime": 97}}