{"partial_train_loss_tot": 2.765744924545288, "trainer/global_step": 1, "_runtime": 16, "_timestamp": 1687364153, "_step": 1, "partial_train__mean iou": 0.04899523235863722}