{"partial_train_loss_tot": 2.839388132095337, "trainer/global_step": 1, "_runtime": 13, "_timestamp": 1686057376, "_step": 1, "partial_train__mean iou": 0.04559295272926186, "_wandb": {"runtime": 14}}