{"partial_train_loss_tot": 2.870551586151123, "trainer/global_step": 1, "_runtime": 16, "_timestamp": 1681461551, "_step": 1, "partial_train__mean iou": 0.03357827091354135, "_wandb": {"runtime": 159}}