{"partial_train_loss_tot": 2.8403220176696777, "trainer/global_step": 1, "_runtime": 14, "_timestamp": 1685972534, "_step": 1, "partial_train__mean iou": 0.045653772192259225, "_wandb": {"runtime": 2920}}