{"partial_train_loss_tot": 2.3204567432403564, "trainer/global_step": 2, "_runtime": 139, "_timestamp": 1679071281, "_step": 10, "partial_train__mean iou": 0.07282839469782679, "test_test_user HHA_loss": 2.9241342544555664, "test_test_user HHA_mean iou": 0.02005568677119453, "test_test_user HHA_scores": {"_type": "table-file", "path": "media/table/test_test_user HHA_scores_9_38842d878c0d79937f33.table.json", "sha256": "38842d878c0d79937f330011e353659562b82eca40613b0707aae0e5426d7806", "size": 697, "artifact_path": "wandb-client-artifact://dibxy7ejrq145vz6e2czgza6fzco9rzfunsb1zzt40a8els76ix7pa1odgmo5m5rt46691l1w0uffu1pxfhz6j9plnnopthv2z72u14g0enas2217qipjtb3wany02iy:latest/test_test_user HHA_scores.table.json", "_latest_artifact_path": "wandb-client-artifact://dibxy7ejrq145vz6e2czgza6fzco9rzfunsb1zzt40a8els76ix7pa1odgmo5m5rt46691l1w0uffu1pxfhz6j9plnnopthv2z72u14g0enas2217qipjtb3wany02iy:latest/test_test_user HHA_scores.table.json", "ncols": 4, "nrows": 19}, "_wandb": {"runtime": 140}}