{"partial_train_loss_tot": 3.446519613265991, "trainer/global_step": 2, "_runtime": 25, "_timestamp": 1688391157, "_step": 3, "partial_train__mean iou": 0.03839326666898628, "_wandb": {"runtime": 311}}