{"partial_train_loss_tot": 1.973475456237793, "trainer/global_step": 2, "_runtime": 50, "_timestamp": 1687450929, "_step": 3, "partial_train__mean iou": 0.08647022284755972}