{"partial_train_loss_tot": 2.7705087661743164, "trainer/global_step": 1, "_runtime": 13, "_timestamp": 1679562494, "_step": 1, "partial_train__mean iou": 0.025430720859806376}