{"partial_train_loss_tot": 2.8705737590789795, "trainer/global_step": 1, "_runtime": 19, "_timestamp": 1681404800, "_step": 1, "partial_train__mean iou": 0.0335780578201699, "_wandb": {"runtime": 467}}