{"partial_train_loss_tot": 2.6437413692474365, "trainer/global_step": 1, "_runtime": 13, "_timestamp": 1679418208, "_step": 1, "partial_train__mean iou": 0.029780944546785558, "_wandb": {"runtime": 14}}