{"partial_train_loss_tot": 3.4577507972717285, "trainer/global_step": 2, "_runtime": 254, "_timestamp": 1688548681, "_step": 2, "partial_train__mean iou": 0.05832044647970522, "_wandb": {"runtime": 598}}