{"partial_train_loss_tot": 2.1268060207366943, "trainer/global_step": 2, "_runtime": 25, "_timestamp": 1679502925, "_step": 3, "partial_train__mean iou": 0.058963774403939635}