{"partial_train_loss_tot": 2.839531660079956, "trainer/global_step": 1, "_runtime": 13, "_timestamp": 1686057338, "_step": 1, "partial_train__mean iou": 0.04562611490312702, "_wandb": {"runtime": 14}}