{"partial_train_loss_tot": 2.870678663253784, "trainer/global_step": 1, "_runtime": 16, "_timestamp": 1681463281, "_step": 1, "partial_train__mean iou": 0.03357765828057396, "_wandb": {"runtime": 150}}