{"partial_train_loss_tot": 2.8403992652893066, "trainer/global_step": 1, "_runtime": 13, "_timestamp": 1686060526, "_step": 1, "partial_train__mean iou": 0.0455562013382442, "_wandb": {"runtime": 30}}