{"partial_train_loss_tot": 3.0080885887145996, "trainer/global_step": 1, "_runtime": 16, "_timestamp": 1687440831, "_step": 1, "partial_train__mean iou": 0.05031441343938141, "_wandb": {"runtime": 17}}