{"partial_train_loss_tot": 2.87066912651062, "trainer/global_step": 1, "_runtime": 17, "_timestamp": 1681461876, "_step": 1, "partial_train__mean iou": 0.0335779618635631, "_wandb": {"runtime": 87}}