{"partial_train_loss_tot": 2.840207576751709, "trainer/global_step": 1, "_runtime": 14, "_timestamp": 1686060965, "_step": 1, "partial_train__mean iou": 0.045682607949263404, "_wandb": {"runtime": 14}}