{"partial_train_loss_tot": 2.634817361831665, "trainer/global_step": 2, "_runtime": 20, "_timestamp": 1679591010, "_step": 3, "partial_train__mean iou": 0.04765589905428744}