{"partial_train_loss_tot": 2.950751781463623, "trainer/global_step": 1, "_runtime": 13, "_timestamp": 1684850765, "_step": 1, "partial_train__mean iou": 0.04812202657340275, "_wandb": {"runtime": 4366}}