{"partial_train_loss_tot": 1.9797719717025757, "trainer/global_step": 6, "_runtime": 5192, "_timestamp": 1690203286, "_step": 31, "partial_train__mean iou": 0.07780438631322499, "test_test_user HHA_loss": 2.7476072311401367, "test_test_user HHA_mean iou": 0.05561335363143587, "test_test_user RGB_loss": 2.8079946041107178, "test_test_user RGB_mean iou": 0.03833829198754876, "eval_train_all_target_train_data HHA_loss": 2.7533605098724365, "eval_train_all_target_train_data HHA_mean iou": 0.056103584047609976, "eval_train_all_target_train_data RGB_loss": 2.8069889545440674, "eval_train_all_target_train_data RGB_mean iou": 0.03759388454591317, "_wandb": {"runtime": 5177}}