{"partial_train_loss_tot": 2.870576858520508, "trainer/global_step": 1, "_runtime": 15, "_timestamp": 1681651269, "_step": 1, "partial_train__mean iou": 0.03357767456502718, "_wandb": {"runtime": 494}}