{"partial_train_loss_tot": 2.8705947399139404, "trainer/global_step": 1, "_runtime": 18, "_timestamp": 1681499167, "_step": 1, "partial_train__mean iou": 0.0335779738238796, "_wandb": {"runtime": 822}}