{"partial_train_loss_tot": 2.870671033859253, "trainer/global_step": 1, "_runtime": 16, "_timestamp": 1681465642, "_step": 1, "partial_train__mean iou": 0.03357779285966697, "_wandb": {"runtime": 46}}