{"partial_train_loss_tot": 2.83971905708313, "trainer/global_step": 1, "_runtime": 14, "_timestamp": 1686065745, "_step": 1, "partial_train__mean iou": 0.045890357917723466, "_wandb": {"runtime": 96}}