{"partial_train_loss_tot": 2.6348061561584473, "trainer/global_step": 2, "_runtime": 25, "_timestamp": 1679587126, "_step": 3, "partial_train__mean iou": 0.047655841399480675}