{"partial_train_loss_tot": 2.870584487915039, "trainer/global_step": 1, "_runtime": 16, "_timestamp": 1681407850, "_step": 1, "partial_train__mean iou": 0.03357779270487806, "_wandb": {"runtime": 160}}