{"partial_train_loss_tot": 2.3546292781829834, "trainer/global_step": 2, "_runtime": 21, "_timestamp": 1690142337, "_step": 3, "partial_train__mean iou": 0.06440009083805934}