{"partial_train_loss_tot": 2.870671033859253, "trainer/global_step": 1, "_runtime": 15, "_timestamp": 1681466412, "_step": 1, "partial_train__mean iou": 0.03357777995888454, "_wandb": {"runtime": 855}}