{"partial_train_loss_tot": 2.0533664226531982, "trainer/global_step": 2, "_runtime": 20, "_timestamp": 1687535065, "_step": 3, "partial_train__mean iou": 0.08811548843436559, "_wandb": {"runtime": 266}}