{"partial_train_loss_tot": 2.84030818939209, "trainer/global_step": 1, "_runtime": 13, "_timestamp": 1686067361, "_step": 1, "partial_train__mean iou": 0.045610053850029614, "_wandb": {"runtime": 14}}