{"partial_train_loss_tot": 2.325873851776123, "trainer/global_step": 2, "_runtime": 18, "_timestamp": 1678961334, "_step": 3, "partial_train__mean iou": 0.07304721881910402, "_wandb": {"runtime": 63}}