{"partial_train_loss_tot": 2.3217127323150635, "trainer/global_step": 2, "_runtime": 24, "_timestamp": 1679070947, "_step": 3, "partial_train__mean iou": 0.07283164941522212}