{"partial_train_loss_tot": 2.628359317779541, "trainer/global_step": 3, "_runtime": 313, "_timestamp": 1690189134, "_step": 9, "partial_train__mean iou": 0.05291189386270413, "test_test_user HHA_loss": 3.4732449054718018, "test_test_user HHA_mean iou": 0.04054358692575736, "test_test_user RGB_loss": 3.022258996963501, "test_test_user RGB_mean iou": 0.02275557916535492}