{"partial_train_loss_tot": 2.8403351306915283, "trainer/global_step": 1, "_runtime": 13, "_timestamp": 1686065645, "_step": 1, "partial_train__mean iou": 0.04571346709297568, "_wandb": {"runtime": 84}}