{"partial_train_loss_tot": 2.389554977416992, "trainer/global_step": 2, "_runtime": 20, "_timestamp": 1687534901, "_step": 3, "partial_train__mean iou": 0.08837634417299986}