{"partial_train_loss_tot": 3.649815797805786, "trainer/global_step": 2, "_runtime": 50, "_timestamp": 1688547418, "_step": 3, "partial_train__mean iou": 0.03548218937784353}