{"partial_train_loss_tot": 2.6348016262054443, "trainer/global_step": 2, "_runtime": 28, "_timestamp": 1680622284, "_step": 3, "partial_train__mean iou": 0.04765544381203488, "_wandb": {"runtime": 32}}