{"partial_train_loss_tot": 2.839857816696167, "trainer/global_step": 1, "_runtime": 21, "_timestamp": 1686060912, "_step": 1, "partial_train__mean iou": 0.045774464302412, "_wandb": {"runtime": 21}}