{"partial_train_loss_tot": 3.352277994155884, "trainer/global_step": 2, "_runtime": 26, "_timestamp": 1687436754, "_step": 3, "partial_train__mean iou": 0.031435356222282274, "_wandb": {"runtime": 131}}