{"partial_train_loss_tot": 3.6494760513305664, "trainer/global_step": 1, "_runtime": 24, "_timestamp": 1686749211, "_step": 1, "partial_train__mean iou": 0.04455339107990262}