{"partial_train_loss_tot": 2.1333322525024414, "trainer/global_step": 2, "_runtime": 19, "_timestamp": 1679503540, "_step": 3, "partial_train__mean iou": 0.05826549018934215}