{"partial_train_loss_tot": 2.8705782890319824, "trainer/global_step": 1, "_runtime": 15, "_timestamp": 1681467285, "_step": 1, "partial_train__mean iou": 0.03357808775015449, "_wandb": {"runtime": 3508}}