{"partial_train_loss_tot": 2.8705642223358154, "trainer/global_step": 1, "_runtime": 15, "_timestamp": 1681406931, "_step": 1, "partial_train__mean iou": 0.033578180484921685, "_wandb": {"runtime": 60}}