{"partial_train_loss_tot": 2.339376926422119, "trainer/global_step": 2, "_runtime": 167, "_timestamp": 1682238036, "_step": 5, "partial_train__mean iou": 0.05868164176789093, "test_test_user_loss": 2.91361927986145, "test_test_user_mean iou": 0.025260200449068567, "_wandb": {"runtime": 1838}}