{"partial_train_loss_tot": 3.312723159790039, "trainer/global_step": 1, "_runtime": 13, "_timestamp": 1685027221, "_step": 1, "partial_train__mean iou": 0.00911164351487206, "_wandb": {"runtime": 15}}