{"partial_train_loss_tot": 2.3384323120117188, "trainer/global_step": 2, "_runtime": 23, "_timestamp": 1683811801, "_step": 3, "partial_train__mean iou": 0.059536904363079304}