{"partial_train_loss_tot": 2.1045334339141846, "trainer/global_step": 2, "_runtime": 19, "_timestamp": 1687527414, "_step": 3, "partial_train__mean iou": 0.07602030758885854, "_wandb": {"runtime": 321}}