{"partial_train_loss_tot": 2.32072377204895, "trainer/global_step": 2, "_runtime": 20, "_timestamp": 1679159410, "_step": 3, "partial_train__mean iou": 0.07304041509008731}