{"partial_train_loss_tot": 2.8404393196105957, "trainer/global_step": 1, "_runtime": 14, "_timestamp": 1686061341, "_step": 1, "partial_train__mean iou": 0.04565333317368246, "_wandb": {"runtime": 132}}