{"partial_train_loss_tot": 3.2049505710601807, "trainer/global_step": 1, "_runtime": 11, "_timestamp": 1679346449, "_step": 1, "partial_train__mean iou": 0.039778901935153696, "_wandb": {"runtime": 12}}