{"partial_train_loss_tot": 1.9825490713119507, "trainer/global_step": 6, "_runtime": 36, "_timestamp": 1686155205, "_step": 11, "partial_train__mean iou": 0.10311104363982061, "_wandb": {"runtime": 366}}