{"partial_train_loss_tot": 2.8706233501434326, "trainer/global_step": 1, "_runtime": 20, "_timestamp": 1681464362, "_step": 1, "partial_train__mean iou": 0.03357792388460082, "_wandb": {"runtime": 1264}}