{"partial_train_loss_tot": 2.3168528079986572, "trainer/global_step": 2, "_runtime": 18, "_timestamp": 1678961124, "_step": 3, "partial_train__mean iou": 0.07383081052495113, "_wandb": {"runtime": 104}}