{"partial_train_loss_tot": 2.1895318031311035, "trainer/global_step": 2, "_runtime": 19, "_timestamp": 1679418412, "_step": 3, "partial_train__mean iou": 0.05721492941023601}