{"partial_train_loss_tot": 2.182918071746826, "trainer/global_step": 2, "_runtime": 20, "_timestamp": 1687436338, "_step": 3, "partial_train__mean iou": 0.07935068846558888, "_wandb": {"runtime": 116}}