{"partial_train_loss_tot": 2.839515209197998, "trainer/global_step": 1, "_runtime": 15, "_timestamp": 1686054400, "_step": 1, "partial_train__mean iou": 0.04560063912941979, "_wandb": {"runtime": 140}}