{"partial_train_loss_tot": 2.839733600616455, "trainer/global_step": 1, "_runtime": 13, "_timestamp": 1686061854, "_step": 1, "partial_train__mean iou": 0.045728165978658364, "_wandb": {"runtime": 212}}