{"partial_train_loss_tot": 2.0232627391815186, "trainer/global_step": 2, "_runtime": 19, "_timestamp": 1687451015, "_step": 3, "partial_train__mean iou": 0.08516741301761198, "_wandb": {"runtime": 587}}