{"partial_train_loss_tot": 2.768737316131592, "trainer/global_step": 3, "_runtime": 76, "_timestamp": 1686746755, "_step": 5, "partial_train__mean iou": 0.035778545524176565, "_wandb": {"runtime": 79}}