{"partial_train_loss_tot": 2.362931728363037, "trainer/global_step": 2, "_runtime": 16, "_timestamp": 1687534670, "_step": 3, "partial_train__mean iou": 0.09024946610647888, "_wandb": {"runtime": 20}}