{"partial_train_loss_tot": 2.7103919982910156, "trainer/global_step": 1, "_runtime": 14, "_timestamp": 1686063065, "_step": 3, "partial_train_HHA_mean iou": 0.04205707525266226, "partial_train_RGB_mean iou": 0.05163775940000522}