{"partial_train_loss_tot": 2.583014726638794, "trainer/global_step": 4, "_runtime": 34, "_timestamp": 1686070204, "_step": 7, "partial_train__mean iou": 0.06726245786002913, "_wandb": {"runtime": 36}}