{"partial_train_loss_tot": 3.2049503326416016, "trainer/global_step": 1, "_runtime": 12, "_timestamp": 1679346956, "_step": 1, "partial_train__mean iou": 0.039779010449268515, "_wandb": {"runtime": 13}}