{"partial_train_loss_tot": 3.2234997749328613, "trainer/global_step": 2, "_runtime": 28, "_timestamp": 1681916339, "_step": 3, "partial_train__mean iou": 0.04683476116684639, "_wandb": {"runtime": 34}}