{"partial_train_loss_tot": 3.2234997749328613, "trainer/global_step": 2, "_runtime": 1503, "_timestamp": 1683991349, "_step": 3, "partial_train__mean iou": 0.046834790037019375}