{"partial_train_loss_tot": 3.2234995365142822, "trainer/global_step": 2, "_runtime": 30, "_timestamp": 1681825561, "_step": 3, "partial_train__mean iou": 0.046834790037019375, "_wandb": {"runtime": 47}}