{"partial_train_loss_tot": 2.8405234813690186, "trainer/global_step": 1, "_runtime": 13, "_timestamp": 1686065160, "_step": 1, "partial_train__mean iou": 0.04552866075424634, "_wandb": {"runtime": 94}}