{"partial_train_loss_tot": 1.599765419960022, "trainer/global_step": 15, "_runtime": 800, "_timestamp": 1685372856, "_step": 51, "partial_train_HHA_mean iou": 0.016666666481481483, "partial_train_RGB_mean iou": 0.061152060896724286, "test_test_user HHA_loss": 2.9311084747314453, "test_test_user HHA_mean iou": 0.029785153857198873, "test_test_user RGB_loss": 4.294621467590332, "test_test_user RGB_mean iou": 0.01981619013664411, "_wandb": {"runtime": 799}}