{"partial_train_loss_tot": 2.87050199508667, "trainer/global_step": 1, "_runtime": 16, "_timestamp": 1681403668, "_step": 1, "partial_train__mean iou": 0.033577081049727106, "_wandb": {"runtime": 119}}