{"partial_train_loss_tot": 2.329272747039795, "trainer/global_step": 2, "_runtime": 19, "_timestamp": 1688455426, "_step": 3, "partial_train__mean iou": 0.070061962474468, "_wandb": {"runtime": 138}}