{"partial_train_loss_tot": 2.839878797531128, "trainer/global_step": 1, "_runtime": 13, "_timestamp": 1686060614, "_step": 1, "partial_train__mean iou": 0.04563271720438309, "_wandb": {"runtime": 272}}