{"partial_train_loss_tot": 2.658313274383545, "trainer/global_step": 3, "_runtime": 337, "_timestamp": 1690186995, "_step": 9, "partial_train__mean iou": 0.05163058728946047, "test_test_user HHA_loss": 4.424301624298096, "test_test_user HHA_mean iou": 0.01981619013664411, "test_test_user RGB_loss": 3.079657554626465, "test_test_user RGB_mean iou": 0.022800708017140146}