{"partial_train_loss_tot": 2.8706653118133545, "trainer/global_step": 1, "_runtime": 21, "_timestamp": 1681456439, "_step": 1, "partial_train__mean iou": 0.033578327601869955, "_wandb": {"runtime": 531}}