{"partial_train_loss_tot": 3.086179494857788, "trainer/global_step": 1, "_runtime": 55, "_timestamp": 1690381060, "_step": 1, "partial_train__mean iou": 0.05601451306804606}