{"partial_train_loss_tot": 3.260998249053955, "trainer/global_step": 2, "_runtime": 28, "_timestamp": 1688390134, "_step": 3, "partial_train__mean iou": 0.030894806797436464, "_wandb": {"runtime": 32}}