{"partial_train_loss_tot": 3.556786060333252, "trainer/global_step": 2, "_runtime": 975, "_timestamp": 1690386324, "_step": 3, "partial_train__mean iou": 0.054873863387445}