{"partial_train_loss_tot": 1.623117446899414, "trainer/global_step": 10, "_runtime": 374, "_timestamp": 1673356782, "_step": 26, "partial_train__mean iou": 0.10397076159454045, "test_test_user_loss": 2.5970304012298584, "test_test_user_mean iou": 0.09210156032539485, "test_test_user_scores": {"_type": "table-file", "path": "media/table/test_test_user_scores_25_c3d08191499af7cabbab.table.json", "sha256": "c3d08191499af7cabbab45c845906678f35e11b3e215572337a1ef2885377b78", "size": 830, "artifact_path": "wandb-client-artifact://o47t8jw4oyovlrsxalytz4641j0l12916ew90epej4i83qvvcdyghcd2e8ba59f1amy8lx3btc2kauy12nkl44tfdeq7kx3wg8dm5w8ceu9ejxz29tbq6tpjv1m3ukma:latest/test_test_user_scores.table.json", "_latest_artifact_path": "wandb-client-artifact://o47t8jw4oyovlrsxalytz4641j0l12916ew90epej4i83qvvcdyghcd2e8ba59f1amy8lx3btc2kauy12nkl44tfdeq7kx3wg8dm5w8ceu9ejxz29tbq6tpjv1m3ukma:latest/test_test_user_scores.table.json", "ncols": 4, "nrows": 19}, "_wandb": {"runtime": 375}}