{"partial_train_loss_tot": 3.2011804580688477, "trainer/global_step": 2, "_runtime": 188, "_timestamp": 1690212594, "_step": 3, "partial_train__mean iou": 0.04002557457462735, "_wandb": {"runtime": 295}}