{"partial_train_loss_tot": 2.870553493499756, "trainer/global_step": 1, "_runtime": 16, "_timestamp": 1681405285, "_step": 1, "partial_train__mean iou": 0.03357791399082083, "_wandb": {"runtime": 42}}