{"partial_train_loss_tot": 2.8705739974975586, "trainer/global_step": 1, "_runtime": 22, "_timestamp": 1681498894, "_step": 1, "partial_train__mean iou": 0.03357767119356783, "_wandb": {"runtime": 21}}