{"partial_train_loss_tot": 2.8403263092041016, "trainer/global_step": 1, "_runtime": 13, "_timestamp": 1686065270, "_step": 1, "partial_train__mean iou": 0.04572823351528392, "_wandb": {"runtime": 154}}