{"partial_train_loss_tot": 2.363022804260254, "trainer/global_step": 2, "_runtime": 16, "_timestamp": 1687534575, "_step": 3, "partial_train__mean iou": 0.08982994918687143, "_wandb": {"runtime": 21}}