{"partial_train_loss_tot": 2.323702335357666, "trainer/global_step": 2, "_runtime": 19, "_timestamp": 1679345525, "_step": 3, "partial_train__mean iou": 0.07143816190881606, "_wandb": {"runtime": 44}}