{"partial_train_loss_tot": 3.2049503326416016, "trainer/global_step": 1, "_runtime": 11, "_timestamp": 1679347003, "_step": 1, "partial_train__mean iou": 0.03977889621658308, "_wandb": {"runtime": 12}}