{"partial_train_loss_tot": 1.9723531007766724, "trainer/global_step": 2, "_runtime": 19, "_timestamp": 1687535351, "_step": 3, "partial_train__mean iou": 0.09167674529091126, "_wandb": {"runtime": 270}}