{"partial_train_loss_tot": 2.8705883026123047, "trainer/global_step": 1, "_runtime": 16, "_timestamp": 1681649269, "_step": 1, "partial_train__mean iou": 0.03357761444547753, "_wandb": {"runtime": 22}}