{"partial_train_loss_tot": 2.3243677616119385, "trainer/global_step": 2, "_runtime": 768, "_timestamp": 1678438452, "_step": 3, "partial_train__mean iou": 0.07308588948581093, "_wandb": {"runtime": 783}}