{"partial_train_loss_tot": 2.870584487915039, "trainer/global_step": 1, "_runtime": 15, "_timestamp": 1681404352, "_step": 1, "partial_train__mean iou": 0.03357760756669459, "_wandb": {"runtime": 428}}