{"partial_train_loss_tot": 2.33996844291687, "trainer/global_step": 2, "_runtime": 141, "_timestamp": 1682412618, "_step": 5, "partial_train__mean iou": 0.05921171977362035, "test_test_user_loss": 2.922022581100464, "test_test_user_mean iou": 0.02072493328356782, "_wandb": {"runtime": 24792}}