{"partial_train_loss_tot": 2.1279923915863037, "trainer/global_step": 2, "_runtime": 23, "_timestamp": 1679562250, "_step": 3, "partial_train__mean iou": 0.061389683704577744}