{"partial_train_loss_tot": 2.2085862159729004, "trainer/global_step": 2, "_runtime": 23, "_timestamp": 1687527337, "_step": 3, "partial_train__mean iou": 0.06444340237135561, "_wandb": {"runtime": 42}}