{"partial_train_loss_tot": 3.3941447734832764, "trainer/global_step": 2, "_runtime": 25, "_timestamp": 1688391627, "_step": 3, "partial_train__mean iou": 0.02351205536436919, "_wandb": {"runtime": 3022}}