{"partial_train_loss_tot": 2.8706588745117188, "trainer/global_step": 1, "_runtime": 20, "_timestamp": 1681483605, "_step": 1, "partial_train__mean iou": 0.03357854076921436, "_wandb": {"runtime": 64}}