{"partial_train_loss_tot": 2.870584011077881, "trainer/global_step": 1, "_runtime": 16, "_timestamp": 1681461727, "_step": 1, "partial_train__mean iou": 0.033577616169050306, "_wandb": {"runtime": 132}}