{"partial_train_loss_tot": 3.3059511184692383, "trainer/global_step": 2, "_runtime": 23, "_timestamp": 1687439949, "_step": 3, "partial_train__mean iou": 0.033077135147304385}