{"partial_train_loss_tot": 2.8705859184265137, "trainer/global_step": 1, "_runtime": 16, "_timestamp": 1681465704, "_step": 1, "partial_train__mean iou": 0.033577677743100436, "_wandb": {"runtime": 147}}