{"partial_train_loss_tot": 2.3299291133880615, "trainer/global_step": 2, "_runtime": 18, "_timestamp": 1679388911, "_step": 3, "partial_train__mean iou": 0.07186255473369099, "_wandb": {"runtime": 38}}