{"partial_train_loss_tot": 2.870624542236328, "trainer/global_step": 1, "_runtime": 15, "_timestamp": 1681403802, "_step": 1, "partial_train__mean iou": 0.0335779862347125, "_wandb": {"runtime": 161}}