{"partial_train_loss_tot": 2.8398993015289307, "trainer/global_step": 1, "_runtime": 13, "_timestamp": 1686057410, "_step": 1, "partial_train__mean iou": 0.045879892173141965, "_wandb": {"runtime": 2440}}