{"partial_train_loss_tot": 2.5848941802978516, "trainer/global_step": 1, "_runtime": 19, "_timestamp": 1686212197, "_step": 3, "partial_train_HHA_mean iou": 0.049652034836951936, "partial_train_RGB_mean iou": 0.05913772851604062, "_wandb": {"runtime": 1814}}