{"partial_train_loss_tot": 2.8705668449401855, "trainer/global_step": 1, "_runtime": 15, "_timestamp": 1681461297, "_step": 1, "partial_train__mean iou": 0.033578140039394994, "_wandb": {"runtime": 238}}