{"partial_train_loss_tot": 3.2589733600616455, "trainer/global_step": 2, "_runtime": 30, "_timestamp": 1687463535, "_step": 3, "partial_train__mean iou": 0.02916299357920608, "_wandb": {"runtime": 1088}}