{"partial_train_loss_tot": 2.685340166091919, "trainer/global_step": 3, "_runtime": 1441, "_timestamp": 1690184251, "_step": 11, "partial_train__mean iou": 0.04739814342499939, "test_test_user HHA_loss": 3.03308367729187, "test_test_user HHA_mean iou": 0.033389155869559, "test_test_user RGB_loss": 3.164606809616089, "test_test_user RGB_mean iou": 0.022347609989599188, "eval_train_all_target_train_data RGB_loss": 2.9575576782226562, "eval_train_all_target_train_data RGB_mean iou": 0.012038946057723003, "_wandb": {"runtime": 1440}}