{"partial_train_loss_tot": 3.1005454063415527, "trainer/global_step": 2, "_runtime": 406, "_timestamp": 1683992809, "_step": 3, "partial_train__mean iou": 0.047597934532637436}