{"partial_train_loss_tot": 2.5987117290496826, "trainer/global_step": 2, "_runtime": 98, "_timestamp": 1690208335, "_step": 3, "partial_train__mean iou": 0.05118105315491034}