{"partial_train_loss_tot": 3.2234995365142822, "trainer/global_step": 2, "_runtime": 25, "_timestamp": 1681481182, "_step": 3, "partial_train__mean iou": 0.04683476116684639, "_wandb": {"runtime": 66}}