{"partial_train_loss_tot": 2.8408327102661133, "trainer/global_step": 1, "_runtime": 15, "_timestamp": 1686057135, "_step": 1, "partial_train__mean iou": 0.04573845188719162, "_wandb": {"runtime": 16}}