{"partial_train_loss_tot": 2.8399109840393066, "trainer/global_step": 1, "_runtime": 27, "_timestamp": 1670936436, "_step": 1, "partial_train__mean iou": 0.04687640246226765, "_wandb": {"runtime": 35}}