{"partial_train_loss_tot": 3.0842132568359375, "trainer/global_step": 1, "_runtime": 19, "_timestamp": 1687790431, "_step": 1, "partial_train__mean iou": 0.03304304398001963, "_wandb": {"runtime": 20}}