{"partial_train_loss_tot": 2.766817808151245, "trainer/global_step": 1, "_runtime": 23, "_timestamp": 1680102749, "_step": 1, "partial_train__mean iou": 0.02535227105572519, "_wandb": {"runtime": 26}}