{"partial_train_loss_tot": 3.9684109687805176, "trainer/global_step": 2, "_runtime": 26, "_timestamp": 1688454648, "_step": 3, "partial_train__mean iou": 0.04301015484427622, "_wandb": {"runtime": 343}}