{"partial_train_loss_tot": 2.839794635772705, "trainer/global_step": 1, "_runtime": 13, "_timestamp": 1686065539, "_step": 1, "partial_train__mean iou": 0.045843054779836065, "_wandb": {"runtime": 87}}