{"partial_train_loss_tot": 2.8705883026123047, "trainer/global_step": 1, "_runtime": 15, "_timestamp": 1681461252, "_step": 1, "partial_train__mean iou": 0.03357799851888372, "_wandb": {"runtime": 29}}