{"partial_train_loss_tot": 3.0570437908172607, "trainer/global_step": 1, "_runtime": 17, "_timestamp": 1682061457, "_step": 1, "partial_train__mean iou": 0.04301949456190175, "_wandb": {"runtime": 17}}