{"partial_train_loss_tot": 2.2963063716888428, "trainer/global_step": 2, "_runtime": 21, "_timestamp": 1690184519, "_step": 3, "partial_train__mean iou": 0.06377951436120895}