{"partial_train_loss_tot": 3.2234997749328613, "trainer/global_step": 2, "_runtime": 21, "_timestamp": 1681636797, "_step": 3, "partial_train__mean iou": 0.04683527332337131, "_wandb": {"runtime": 137}}