{"partial_train_loss_tot": 2.1466004848480225, "trainer/global_step": 2, "_runtime": 20, "_timestamp": 1679416609, "_step": 3, "partial_train__mean iou": 0.05502775624775775, "_wandb": {"runtime": 68}}