{"partial_train_loss_tot": 2.839830160140991, "trainer/global_step": 1, "_runtime": 14, "_timestamp": 1686061143, "_step": 1, "partial_train__mean iou": 0.04560099050952438, "_wandb": {"runtime": 14}}