{"partial_train_loss_tot": 2.839282989501953, "trainer/global_step": 1, "_runtime": 14, "_timestamp": 1686059867, "_step": 1, "partial_train__mean iou": 0.045561987215820415, "_wandb": {"runtime": 14}}