{"partial_train_loss_tot": 2.8705756664276123, "trainer/global_step": 1, "_runtime": 19, "_timestamp": 1681403587, "_step": 1, "partial_train__mean iou": 0.033578094165047416}