{"partial_train_loss_tot": 2.8705859184265137, "trainer/global_step": 1, "_runtime": 18, "_timestamp": 1681650441, "_step": 1, "partial_train__mean iou": 0.03357766111727933, "_wandb": {"runtime": 101}}