{"partial_train_loss_tot": 2.8401544094085693, "trainer/global_step": 1, "_runtime": 14, "_timestamp": 1686067258, "_step": 1, "partial_train__mean iou": 0.045970792242817325, "_wandb": {"runtime": 14}}