{"partial_train_loss_tot": 2.870640516281128, "trainer/global_step": 1, "_runtime": 17, "_timestamp": 1681456987, "_step": 1, "partial_train__mean iou": 0.0335786360022266, "_wandb": {"runtime": 3646}}