{"partial_train_loss_tot": 2.6859631538391113, "trainer/global_step": 1, "_runtime": 17, "_timestamp": 1686756303, "_step": 1, "partial_train__mean iou": 0.05837988563615438, "_wandb": {"runtime": 27}}