{"partial_train_loss_tot": 2.342007637023926, "trainer/global_step": 2, "_runtime": 26, "_timestamp": 1682230949, "_step": 3, "partial_train__mean iou": 0.0596062814728172, "_wandb": {"runtime": 6919}}