{"partial_train_loss_tot": 2.7740561962127686, "trainer/global_step": 1, "_runtime": 22, "_timestamp": 1679502765, "_step": 1, "partial_train__mean iou": 0.025442078519137965}