{"partial_train_loss_tot": 2.710331916809082, "trainer/global_step": 1, "_runtime": 19, "_timestamp": 1685972432, "_step": 3, "partial_train_HHA_mean iou": 0.0417881260193151, "partial_train_RGB_mean iou": 0.05164481209118743, "_wandb": {"runtime": 78}}