{"partial_train_loss_tot": 2.7103757858276367, "trainer/global_step": 1, "_runtime": 14, "_timestamp": 1686063137, "_step": 3, "partial_train_HHA_mean iou": 0.0438582261545885, "partial_train_RGB_mean iou": 0.05164119357617393}