{"partial_train_loss_tot": 2.8705947399139404, "trainer/global_step": 1, "_runtime": 16, "_timestamp": 1681465866, "_step": 1, "partial_train__mean iou": 0.03357798050667666, "_wandb": {"runtime": 53}}