{"partial_train_loss_tot": 3.129357099533081, "trainer/global_step": 1, "_runtime": 13, "_timestamp": 1685186315, "_step": 1, "partial_train__mean iou": 0.028213875923720124, "_wandb": {"runtime": 1496}}