{"partial_train_loss_tot": 2.870561122894287, "trainer/global_step": 1, "_runtime": 15, "_timestamp": 1681404184, "_step": 1, "partial_train__mean iou": 0.03357821365810063, "_wandb": {"runtime": 33}}