{"partial_train_loss_tot": 2.870558500289917, "trainer/global_step": 1, "_runtime": 17, "_timestamp": 1681462878, "_step": 1, "partial_train__mean iou": 0.0335782837504856, "_wandb": {"runtime": 389}}