{"partial_train_loss_tot": 2.7103025913238525, "trainer/global_step": 1, "_runtime": 16, "_timestamp": 1686041159, "_step": 3, "partial_train_HHA_mean iou": 0.04300162183596244, "partial_train_RGB_mean iou": 0.05164529839161894, "_wandb": {"runtime": 76}}