{"partial_train_loss_tot": 2.6348319053649902, "trainer/global_step": 2, "_runtime": 41, "_timestamp": 1679584439, "_step": 3, "partial_train__mean iou": 0.04765044552154973}