{"partial_train_loss_tot": 2.3177149295806885, "trainer/global_step": 2, "_runtime": 19, "_timestamp": 1679158998, "_step": 3, "partial_train__mean iou": 0.07335258766233754, "_wandb": {"runtime": 21}}