{"partial_train_loss_tot": 2.840203046798706, "trainer/global_step": 1, "_runtime": 14, "_timestamp": 1686067414, "_step": 1, "partial_train__mean iou": 0.045531198639435916, "_wandb": {"runtime": 103}}