{"partial_train_loss_tot": 2.3250749111175537, "trainer/global_step": 2, "_runtime": 134, "_timestamp": 1678961606, "_step": 5, "partial_train__mean iou": 0.07299327322686758, "test_test_user HHA_loss": 2.9182024002075195, "test_test_user HHA_mean iou": 0.02026375409572083, "_wandb": {"runtime": 135}}