{"partial_train_loss_tot": 3.5566024780273438, "trainer/global_step": 2, "_runtime": 88, "_timestamp": 1689076266, "_step": 2, "partial_train__mean iou": 0.04647425729112256, "_wandb": {"runtime": 121}}