{"partial_train_loss_tot": 2.1097805500030518, "trainer/global_step": 6, "_runtime": 190, "_timestamp": 1686155741, "_step": 13, "partial_train__mean iou": 0.0849261043008472, "test_test_user HHA_loss": 2.846651315689087, "test_test_user HHA_mean iou": 0.0525565585205911, "_wandb": {"runtime": 190}}