{"partial_train_loss_tot": 2.870527982711792, "trainer/global_step": 1, "_runtime": 18, "_timestamp": 1681489842, "_step": 1, "partial_train__mean iou": 0.033577483832048026, "_wandb": {"runtime": 1060}}