{"partial_train_loss_tot": 2.633790969848633, "trainer/global_step": 3, "_runtime": 1517, "_timestamp": 1690186130, "_step": 11, "partial_train__mean iou": 0.04233251485767646, "test_test_user HHA_loss": 3.1958441734313965, "test_test_user HHA_mean iou": 0.025830608833421396, "test_test_user RGB_loss": 3.088919162750244, "test_test_user RGB_mean iou": 0.02004609649506954, "eval_train_all_target_train_data RGB_loss": 2.968837022781372, "eval_train_all_target_train_data RGB_mean iou": 0.012039053346737716, "_wandb": {"runtime": 1517}}