{"partial_train_loss_tot": 2.7701964378356934, "trainer/global_step": 2, "_runtime": 18, "_timestamp": 1679347109, "_step": 3, "partial_train__mean iou": 0.047300707201592206}