{"partial_train_loss_tot": 2.839611768722534, "trainer/global_step": 1, "_runtime": 13, "_timestamp": 1686067533, "_step": 1, "partial_train__mean iou": 0.04580258792064574, "_wandb": {"runtime": 122}}