{"partial_train_loss_tot": 3.112811326980591, "trainer/global_step": 2, "_runtime": 37, "_timestamp": 1690211758, "_step": 3, "partial_train__mean iou": 0.04941140924057066, "_wandb": {"runtime": 359}}