{"partial_train_loss_tot": 2.3247833251953125, "trainer/global_step": 2, "_runtime": 31, "_timestamp": 1679159874, "_step": 3, "partial_train__mean iou": 0.07176605052137629}