{"partial_train_loss_tot": 2.870572566986084, "trainer/global_step": 1, "_runtime": 26, "_timestamp": 1681455011, "_step": 1, "partial_train__mean iou": 0.03357804061862697}