{"partial_train_loss_tot": 2.206188917160034, "trainer/global_step": 2, "_runtime": 161, "_timestamp": 1682065297, "_step": 5, "partial_train__mean iou": 0.08512209871516303, "test_test_user RGB_loss": 2.922556161880493, "test_test_user RGB_mean iou": 0.054182874820290265, "_wandb": {"runtime": 440}}