{"partial_train_loss_tot": 2.8400261402130127, "trainer/global_step": 1, "_runtime": 13, "_timestamp": 1686061205, "_step": 1, "partial_train__mean iou": 0.045747512049200946, "_wandb": {"runtime": 14}}