{"partial_train_loss_tot": 2.0667951107025146, "trainer/global_step": 6, "_runtime": 5050, "_timestamp": 1690194954, "_step": 31, "partial_train__mean iou": 0.06901156893215823, "test_test_user HHA_loss": 2.938723087310791, "test_test_user HHA_mean iou": 0.05578970679758774, "test_test_user RGB_loss": 3.8970630168914795, "test_test_user RGB_mean iou": 0.028554940453457977, "eval_train_all_target_train_data HHA_loss": 2.9219861030578613, "eval_train_all_target_train_data HHA_mean iou": 0.05784024939564109, "eval_train_all_target_train_data RGB_loss": 4.037467956542969, "eval_train_all_target_train_data RGB_mean iou": 0.02626021996390877, "_wandb": {"runtime": 5050}}