{"partial_train_loss_tot": 2.8398239612579346, "trainer/global_step": 1, "_runtime": 18, "_timestamp": 1686067140, "_step": 1, "partial_train__mean iou": 0.04578071790625848, "_wandb": {"runtime": 104}}