{"partial_train_loss_tot": 2.323389768600464, "trainer/global_step": 2, "_runtime": 21, "_timestamp": 1679155602, "_step": 3, "partial_train__mean iou": 0.07212088858660033, "_wandb": {"runtime": 50}}