{"partial_train_loss_tot": 2.779827356338501, "trainer/global_step": 1, "_runtime": 18, "_timestamp": 1679504217, "_step": 1, "partial_train__mean iou": 0.025352857141449137}