{"partial_train_loss_tot": 2.8706512451171875, "trainer/global_step": 1, "_runtime": 16, "_timestamp": 1681465933, "_step": 1, "partial_train__mean iou": 0.033578436055825896, "_wandb": {"runtime": 249}}