{"partial_train_loss_tot": 2.332573413848877, "trainer/global_step": 4, "_runtime": 44, "_timestamp": 1685188853, "_step": 15, "partial_train__mean iou": 0.0656921961359968, "_wandb": {"runtime": 44}}