{"partial_train_loss_tot": 2.87058162689209, "trainer/global_step": 1, "_runtime": 15, "_timestamp": 1681462663, "_step": 1, "partial_train__mean iou": 0.03357765211503425, "_wandb": {"runtime": 15}}