{"partial_train_loss_tot": 2.8705592155456543, "trainer/global_step": 1, "_runtime": 16, "_timestamp": 1681466197, "_step": 1, "partial_train__mean iou": 0.03357822643416408, "_wandb": {"runtime": 80}}