{"partial_train_loss_tot": 2.8400306701660156, "trainer/global_step": 1, "_runtime": 16, "_timestamp": 1686042822, "_step": 1, "partial_train__mean iou": 0.0458909573625919, "_wandb": {"runtime": 11560}}