{"partial_train_loss_tot": 2.322321653366089, "trainer/global_step": 2, "_runtime": 147, "_timestamp": 1679068001, "_step": 10, "partial_train__mean iou": 0.07293384880973305, "test_test_user HHA_loss": 2.9180498123168945, "test_test_user HHA_mean iou": 0.02027528632213517, "test_test_user HHA_scores": {"_type": "table-file", "path": "media/table/test_test_user HHA_scores_9_d8f0d630284db76ba41f.table.json", "sha256": "d8f0d630284db76ba41f44025300704a3e15b7f5ed036d8f1c6d611bb23fff32", "size": 693, "artifact_path": "wandb-client-artifact://46p8ac9r8t63189crw59k372f9i8v2vvs8rnztb1adjg0tio2u5qfjn687gzbjslupt789hywr67ie6ucu8qglowxtqlzidbo97x134ek3vtiy9jnh858c2l67fo44sf:latest/test_test_user HHA_scores.table.json", "_latest_artifact_path": "wandb-client-artifact://46p8ac9r8t63189crw59k372f9i8v2vvs8rnztb1adjg0tio2u5qfjn687gzbjslupt789hywr67ie6ucu8qglowxtqlzidbo97x134ek3vtiy9jnh858c2l67fo44sf:latest/test_test_user HHA_scores.table.json", "ncols": 4, "nrows": 19}, "_wandb": {"runtime": 476}}