{"partial_train_loss_tot": 2.320675849914551, "trainer/global_step": 2, "_runtime": 18, "_timestamp": 1679388868, "_step": 3, "partial_train__mean iou": 0.07138949805372312}