{"partial_train_loss_tot": 2.770198106765747, "trainer/global_step": 2, "_runtime": 17, "_timestamp": 1679347038, "_step": 3, "partial_train__mean iou": 0.04729671084510461, "_wandb": {"runtime": 28}}