{"partial_train_loss_tot": 2.634751796722412, "trainer/global_step": 2, "_runtime": 21, "_timestamp": 1680590209, "_step": 3, "partial_train__mean iou": 0.047663595457699236, "_wandb": {"runtime": 46}}