{"partial_train_loss_tot": 2.308427572250366, "trainer/global_step": 4, "_runtime": 1048, "_timestamp": 1687452680, "_step": 11, "partial_train__mean iou": 0.07621984524455254, "eval_train_all_target_train_data RGB_loss": 3.087383985519409, "eval_train_all_target_train_data RGB_mean iou": 0.01947604966630176, "test_test_user HHA_loss": 3.0149588584899902, "test_test_user HHA_mean iou": 0.01153704022306682, "_wandb": {"runtime": 1083}}