{"partial_train_loss_tot": 2.8401713371276855, "trainer/global_step": 1, "_runtime": 14, "_timestamp": 1686064628, "_step": 1, "partial_train__mean iou": 0.04554085506423973, "_wandb": {"runtime": 516}}