{"partial_train_loss_tot": 3.3459935188293457, "trainer/global_step": 2, "_runtime": 86, "_timestamp": 1689076513, "_step": 2, "partial_train_cl_name_mean iou": 0.047664652065414675, "_wandb": {"runtime": 303}}