{"partial_train_loss_tot": 2.8706700801849365, "trainer/global_step": 1, "_runtime": 16, "_timestamp": 1681483682, "_step": 1, "partial_train__mean iou": 0.03357783085725135, "_wandb": {"runtime": 204}}