{"partial_train_loss_tot": 2.6357343196868896, "trainer/global_step": 1, "_runtime": 12, "_timestamp": 1679418245, "_step": 1, "partial_train__mean iou": 0.029782940936322364, "_wandb": {"runtime": 13}}