{"partial_train_loss_tot": 3.4344983100891113, "trainer/global_step": 1, "_runtime": 27, "_timestamp": 1687422998, "_step": 1, "partial_train__mean iou": 0.043766161885162455, "_wandb": {"runtime": 32}}