{"partial_train_loss_tot": 2.7762961387634277, "trainer/global_step": 1, "_runtime": 16, "_timestamp": 1680623784, "_step": 1, "partial_train__mean iou": 0.02533192870299082}