{"partial_train_loss_tot": 3.2051308155059814, "trainer/global_step": 2, "_runtime": 31, "_timestamp": 1688454444, "_step": 3, "partial_train__mean iou": 0.03093849677181968, "_wandb": {"runtime": 36}}