{"partial_train_loss_tot": 2.8397419452667236, "trainer/global_step": 1, "_runtime": 13, "_timestamp": 1686065857, "_step": 1, "partial_train__mean iou": 0.04586436346377285, "_wandb": {"runtime": 683}}