{"partial_train_loss_tot": 2.840381145477295, "trainer/global_step": 1, "_runtime": 16, "_timestamp": 1687363228, "_step": 1, "partial_train__mean iou": 0.04633788919534717, "_wandb": {"runtime": 23}}