{"partial_train_loss_tot": 3.031344175338745, "trainer/global_step": 1, "_runtime": 16, "_timestamp": 1690397178, "_step": 1, "partial_train__mean iou": 0.05002245347766228, "_wandb": {"runtime": 23}}