{"partial_train_loss_tot": 2.1167545318603516, "trainer/global_step": 2, "_runtime": 24, "_timestamp": 1679504161, "_step": 3, "partial_train__mean iou": 0.05997699388462691, "_wandb": {"runtime": 50}}