{"partial_train_loss_tot": 2.428231954574585, "trainer/global_step": 15, "_runtime": 759, "_timestamp": 1685867219, "_step": 51, "partial_train_HHA_mean iou": 0.08333333225308644, "partial_train_RGB_mean iou": 0.058189655005202144, "test_test_user HHA_loss": 3.201674699783325, "test_test_user HHA_mean iou": 0.019813082483893234, "test_test_user RGB_loss": 4.351215362548828, "test_test_user RGB_mean iou": 0.01981619013664411, "_wandb": {"runtime": 759}}