{"partial_train_loss_tot": 2.8705859184265137, "trainer/global_step": 1, "_runtime": 17, "_timestamp": 1681498331, "_step": 1, "partial_train__mean iou": 0.03357789803373168, "_wandb": {"runtime": 48}}