{"partial_train_loss_tot": 3.1005451679229736, "trainer/global_step": 2, "_runtime": 849, "_timestamp": 1683994083, "_step": 3, "partial_train__mean iou": 0.047597934532637436}