{"partial_train_loss_tot": 2.1836581230163574, "trainer/global_step": 2, "_runtime": 32, "_timestamp": 1686319535, "_step": 3, "partial_train__mean iou": 0.044952898972936105, "_wandb": {"runtime": 34}}