{"partial_train_loss_tot": 2.4012441635131836, "trainer/global_step": 3, "_runtime": 373, "_timestamp": 1686233718, "_step": 15, "partial_train_HHA_mean iou": 0.05800257745989375, "partial_train_RGB_mean iou": 0.051837749846712425, "test_test_user HHA_loss": 2.912095546722412, "test_test_user HHA_mean iou": 0.021529414788970587, "test_test_user RGB_loss": 3.174464464187622, "test_test_user RGB_mean iou": 0.043748985730368846, "_wandb": {"runtime": 373}}