{"partial_train_loss_tot": 3.2234997749328613, "trainer/global_step": 2, "_runtime": 142, "_timestamp": 1681408515, "_step": 5, "partial_train__mean iou": 0.046834790037019375, "test_test_user HHA_loss": 2.956267833709717, "test_test_user HHA_mean iou": 0.002598450817450465, "_wandb": {"runtime": 321}}