{"partial_train_loss_tot": 2.8705735206604004, "trainer/global_step": 1, "_runtime": 16, "_timestamp": 1683897433, "_step": 1, "partial_train__mean iou": 0.03357810726562378, "_wandb": {"runtime": 22}}