{"partial_train_loss_tot": 2.330545425415039, "trainer/global_step": 2, "_runtime": 17, "_timestamp": 1679158882, "_step": 3, "partial_train__mean iou": 0.07338253130612343, "_wandb": {"runtime": 82}}