{"partial_train_loss_tot": 2.1217405796051025, "trainer/global_step": 2, "_runtime": 31, "_timestamp": 1679503677, "_step": 3, "partial_train__mean iou": 0.05919773538113883}