{"partial_train_loss_tot": 2.159245014190674, "trainer/global_step": 2, "_runtime": 19, "_timestamp": 1687464635, "_step": 3, "partial_train__mean iou": 0.07383198206165857}