{"partial_train_loss_tot": 3.201352119445801, "trainer/global_step": 2, "_runtime": 109, "_timestamp": 1688389189, "_step": 3, "partial_train__mean iou": 0.03328932074945131, "_wandb": {"runtime": 1005}}