{"partial_train_loss_tot": 3.2234997749328613, "trainer/global_step": 2, "_runtime": 149, "_timestamp": 1681732752, "_step": 10, "partial_train__mean iou": 0.046834790037019375, "test_test_user HHA_loss": 2.9521772861480713, "test_test_user HHA_mean iou": 0.02994817023810658, "test_test_user HHA_scores": {"_type": "table-file", "path": "media/table/test_test_user HHA_scores_9_826523286a21f15ddbb4.table.json", "sha256": "826523286a21f15ddbb4f6d68e18aa2e924a8f5b2744227d1cadcda36bb313bb", "size": 955, "artifact_path": "wandb-client-artifact://17u06tvshjdnfa62ahl20an7gh8gr1x6j4rhlffocuqn6t4i9cf3hom31of1urf5v3uxis126iziggpy30p0ks0zy5lapk9r52pz0uu323u2bgss881f0yu7747ilgb5:latest/test_test_user HHA_scores.table.json", "_latest_artifact_path": "wandb-client-artifact://17u06tvshjdnfa62ahl20an7gh8gr1x6j4rhlffocuqn6t4i9cf3hom31of1urf5v3uxis126iziggpy30p0ks0zy5lapk9r52pz0uu323u2bgss881f0yu7747ilgb5:latest/test_test_user HHA_scores.table.json", "ncols": 4, "nrows": 19}, "_wandb": {"runtime": 149}}