{"partial_train_loss_tot": 2.0276994705200195, "trainer/global_step": 6, "_runtime": 38, "_timestamp": 1686154169, "_step": 11, "partial_train__mean iou": 0.10170637647419595, "_wandb": {"runtime": 637}}