{"partial_train_loss_tot": 2.7642481327056885, "trainer/global_step": 1, "_runtime": 21, "_timestamp": 1679740251, "_step": 1, "partial_train__mean iou": 0.025383028958750508, "_wandb": {"runtime": 24}}