{"partial_train_loss_tot": 2.8397767543792725, "trainer/global_step": 1, "_runtime": 13, "_timestamp": 1686067671, "_step": 1, "partial_train__mean iou": 0.04564955467054212, "_wandb": {"runtime": 14}}