{"partial_train_loss_tot": 2.4859652519226074, "trainer/global_step": 2, "_runtime": 108, "_timestamp": 1689168910, "_step": 3, "partial_train__mean iou": 0.06194644272136921}