{"partial_train_loss_tot": 2.8399970531463623, "trainer/global_step": 1, "_runtime": 13, "_timestamp": 1686061543, "_step": 1, "partial_train__mean iou": 0.045785039245951245, "_wandb": {"runtime": 22}}