{"partial_train_loss_tot": 1.8039973974227905, "trainer/global_step": 10, "_runtime": 72, "_timestamp": 1685363743, "_step": 29, "partial_train_RGB_mean iou": 0.04285714261904762, "partial_train_HHA_mean iou": 0.05780382602572914, "_wandb": {"runtime": 75}}