{"partial_train_loss_tot": 3.2234997749328613, "trainer/global_step": 2, "_runtime": 893, "_timestamp": 1683906385, "_step": 3, "partial_train__mean iou": 0.046834818907516}