{"partial_train_loss_tot": 2.0919997692108154, "trainer/global_step": 2, "_runtime": 20, "_timestamp": 1687527764, "_step": 3, "partial_train__mean iou": 0.07502825901419585, "_wandb": {"runtime": 96}}