{"partial_train_loss_tot": 2.4465909004211426, "trainer/global_step": 2, "_runtime": 20, "_timestamp": 1687850469, "_step": 5, "partial_train_HHA_mean iou": 0.06792232020227693, "partial_train_RGB_mean iou": 0.06537787400181917}