{"partial_train_loss_tot": 2.7104389667510986, "trainer/global_step": 1, "_runtime": 13, "_timestamp": 1686054841, "_step": 3, "partial_train_HHA_mean iou": 0.04366940971850786, "partial_train_RGB_mean iou": 0.051639958031876036, "_wandb": {"runtime": 1805}}