{"partial_train_loss_tot": 3.129357099533081, "trainer/global_step": 1, "_runtime": 11, "_timestamp": 1685176905, "_step": 1, "partial_train__mean iou": 0.028213875923720124, "_wandb": {"runtime": 158}}