{"partial_train_loss_tot": 1.8911666870117188, "trainer/global_step": 2, "_runtime": 2119, "_timestamp": 1685435677, "_step": 5, "partial_train_HHA_mean iou": 0.10609398776836221, "partial_train_RGB_mean iou": 0.0, "_wandb": {"runtime": 2463}}