{"partial_train_loss_tot": 1.8039973974227905, "trainer/global_step": 10, "_runtime": 374, "_timestamp": 1685303316, "_step": 33, "partial_train_RGB_mean iou": 0.04285714261904762, "partial_train_HHA_mean iou": 0.05780382602572914, "test_test_user HHA_loss": 2.8773677349090576, "test_test_user HHA_mean iou": 0.022865862676843214, "test_test_user RGB_loss": 3.2137808799743652, "test_test_user RGB_mean iou": 0.01987319652231896, "_wandb": {"runtime": 374}}