{"partial_train_loss_tot": 1.8695805072784424, "trainer/global_step": 3, "_timestamp": 1670346668.615455, "_runtime": 71.94083285331726, "_step": 5, "partial_train__mean iou": 0.09065700325739395, "_wandb": {"runtime": 82}}