{"partial_train_loss_tot": 2.204944133758545, "trainer/global_step": 2, "_runtime": 27, "_timestamp": 1682061542, "_step": 3, "partial_train__mean iou": 0.08616861250549782, "_wandb": {"runtime": 43}}