{"partial_train_loss_tot": 2.8706541061401367, "trainer/global_step": 1, "_runtime": 15, "_timestamp": 1681461976, "_step": 1, "partial_train__mean iou": 0.03357770324919661, "_wandb": {"runtime": 435}}