{"partial_train_loss_tot": 3.2731518745422363, "trainer/global_step": 1, "_runtime": 64, "_timestamp": 1682451138, "_step": 1, "partial_train__mean iou": 0.02209409861360318, "_wandb": {"runtime": 67}}