{"partial_train_loss_tot": 1.599765419960022, "trainer/global_step": 15, "_runtime": 415, "_timestamp": 1685302514, "_step": 47, "partial_train_RGB_mean iou": 0.044547872206484054, "partial_train_HHA_mean iou": NaN, "test_test_user HHA_loss": 2.8773677349090576, "test_test_user HHA_mean iou": 0.022865862676843214, "test_test_user RGB_loss": 3.2137808799743652, "test_test_user RGB_mean iou": 0.01987319652231896, "_wandb": {"runtime": 455}}