{"partial_train_loss_tot": 2.8399369716644287, "trainer/global_step": 1, "_runtime": 14, "_timestamp": 1686054556, "_step": 1, "partial_train__mean iou": 0.04566979972691385, "_wandb": {"runtime": 269}}