{"partial_train_loss_tot": 3.508906364440918, "trainer/global_step": 2, "_runtime": 26, "_timestamp": 1688394672, "_step": 3, "partial_train__mean iou": 0.03517957969263734, "_wandb": {"runtime": 918}}