{"partial_train_loss_tot": 2.3616373538970947, "trainer/global_step": 2, "_runtime": 16, "_timestamp": 1687534719, "_step": 3, "partial_train__mean iou": 0.09409075912350388}