{"partial_train_loss_tot": 2.870584011077881, "trainer/global_step": 1, "_runtime": 17, "_timestamp": 1681498586, "_step": 1, "partial_train__mean iou": 0.033577607699954805, "_wandb": {"runtime": 16}}