{"partial_train_loss_tot": 3.2049505710601807, "trainer/global_step": 1, "_runtime": 15, "_timestamp": 1679159323, "_step": 1, "partial_train__mean iou": 0.03977900473063542, "_wandb": {"runtime": 19}}