{"partial_train_loss_tot": 2.3556346893310547, "trainer/global_step": 2, "_runtime": 63, "_timestamp": 1689076824, "_step": 2, "partial_train__mean iou": 0.049279202333393286, "_wandb": {"runtime": 80}}