{"partial_train_loss_tot": 2.0761916637420654, "trainer/global_step": 2, "_runtime": 20, "_timestamp": 1687436480, "_step": 5, "partial_train_HHA_mean iou": 0.08031898039758746, "partial_train_RGB_mean iou": 0.059152739422799805, "_wandb": {"runtime": 57}}