{"partial_train_loss_tot": 3.3482632637023926, "trainer/global_step": 2, "_runtime": 26, "_timestamp": 1687527994, "_step": 3, "partial_train__mean iou": 0.035829093218108454, "_wandb": {"runtime": 174}}