{"partial_train_loss_tot": 2.6347618103027344, "trainer/global_step": 2, "_runtime": 24, "_timestamp": 1679590744, "_step": 3, "partial_train__mean iou": 0.04766569278157582}